INSERT INTO Student(Student_ID, Gender, Ethnicity)
VALUES(1, 'female', 'group B');
INSERT INTO Student(Student_ID, Gender, Ethnicity)
VALUES(2, 'female', 'group C');
INSERT INTO Student(Student_ID, Gender, Ethnicity)
VALUES(3, 'female', 'group B');
INSERT INTO Student(Student_ID, Gender, Ethnicity)
VALUES(4, 'male', 'group A');
INSERT INTO Student(Student_ID, Gender, Ethnicity)
VALUES(5, 'male', 'group C');
INSERT INTO Student(Student_ID, Gender, Ethnicity)
VALUES(6, 'female', 'group B');
INSERT INTO Student(Student_ID, Gender, Ethnicity)
VALUES(7, 'female', 'group B');
INSERT INTO Student(Student_ID, Gender, Ethnicity)
VALUES(8, 'male', 'group B');
INSERT INTO Student(Student_ID, Gender, Ethnicity)
VALUES(9, 'male', 'group D');
INSERT INTO Student(Student_ID, Gender, Ethnicity)
VALUES(10, 'female', 'group B');




INSERT INTO TestID_TestName(Test_ID, Test_name)
VALUES(1, 'Mathematics');
INSERT INTO TestID_TestName(Test_ID, Test_name)
VALUES(2, 'Reading');
INSERT INTO TestID_TestName(Test_ID, Test_name)
VALUES(3, 'Writing');


INSERT INTO LevelID_LevelName(Level_ID, Level_name)
VALUES(1, 'masters degree');
INSERT INTO LevelID_LevelName(Level_ID, Level_name)
VALUES(2, 'bachelors degree');
INSERT INTO LevelID_LevelName(Level_ID, Level_name)
VALUES(3, 'associates degree');
INSERT INTO LevelID_LevelName(Level_ID, Level_name)
VALUES(4, 'some college');
INSERT INTO LevelID_LevelName(Level_ID, Level_name)
VALUES(5, 'high school');
INSERT INTO LevelID_LevelName(Level_ID, Level_name)
VALUES(6, 'some high school');

INSERT INTO Results(Score, Test_ID, Level_ID, Student_ID)
VALUES(72, 1, 2, 1);
INSERT INTO Results(Score, Test_ID, Level_ID, Student_ID)
VALUES(72, 2, 2, 1);
INSERT INTO Results(Score, Test_ID, Level_ID, Student_ID)
VALUES(74, 3, 2, 1);


INSERT INTO Results(Score, Test_ID, Level_ID, Student_ID)
VALUES(69, 1, 4, 2);
INSERT INTO Results(Score, Test_ID, Level_ID, Student_ID)
VALUES(90, 2, 4, 2);
INSERT INTO Results(Score, Test_ID, Level_ID, Student_ID)
VALUES(88, 3, 4, 2);


INSERT INTO Results(Score, Test_ID, Level_ID, Student_ID)
VALUES(90, 1, 1, 3);
INSERT INTO Results(Score, Test_ID, Level_ID, Student_ID)
VALUES(95, 2, 1, 3);
INSERT INTO Results(Score, Test_ID, Level_ID, Student_ID)
VALUES(93, 3, 1, 3);

INSERT INTO Results(Score, Test_ID, Level_ID, Student_ID)
VALUES(47, 1, 3, 4);
INSERT INTO Results(Score, Test_ID, Level_ID, Student_ID)
VALUES(57, 2, 3, 4);
INSERT INTO Results(Score, Test_ID, Level_ID, Student_ID)
VALUES(44, 3, 3, 4);

INSERT INTO Results(Score, Test_ID, Level_ID, Student_ID)
VALUES(76, 1, 4, 5);
INSERT INTO Results(Score, Test_ID, Level_ID, Student_ID)
VALUES(78, 2, 4, 5);
INSERT INTO Results(Score, Test_ID, Level_ID, Student_ID)
VALUES(75, 3, 4, 5);

INSERT INTO Results(Score, Test_ID, Level_ID, Student_ID)
VALUES(71, 1, 3, 6);
INSERT INTO Results(Score, Test_ID, Level_ID, Student_ID)
VALUES(83, 2, 3, 6);
INSERT INTO Results(Score, Test_ID, Level_ID, Student_ID)
VALUES(78, 3, 3, 6);

INSERT INTO Results(Score, Test_ID, Level_ID, Student_ID)
VALUES(88, 1, 4, 7);
INSERT INTO Results(Score, Test_ID, Level_ID, Student_ID)
VALUES(95, 2, 4, 7);
INSERT INTO Results(Score, Test_ID, Level_ID, Student_ID)
VALUES(92, 3, 4, 7);

INSERT INTO Results(Score, Test_ID, Level_ID, Student_ID)
VALUES(40, 1, 4, 8);
INSERT INTO Results(Score, Test_ID, Level_ID, Student_ID)
VALUES(43, 2, 4, 8);
INSERT INTO Results(Score, Test_ID, Level_ID, Student_ID)
VALUES(49, 3, 4, 8);

INSERT INTO Results(Score, Test_ID, Level_ID, Student_ID)
VALUES(64, 1, 5, 9);
INSERT INTO Results(Score, Test_ID, Level_ID, Student_ID)
VALUES(64, 2, 5, 9);
INSERT INTO Results(Score, Test_ID, Level_ID, Student_ID)
VALUES(67, 3, 5, 9);

INSERT INTO Results(Score, Test_ID, Level_ID, Student_ID)
VALUES(38, 1, 5, 10);
INSERT INTO Results(Score, Test_ID, Level_ID, Student_ID)
VALUES(60, 2, 5, 10);
INSERT INTO Results(Score, Test_ID, Level_ID, Student_ID)
VALUES(50, 3, 5, 10);






